,,,,,,,,,,,
序号,英文,中文释义,第一次背默,,,第二次背默,,,第三次背默,,
,,,时间,内容,结果,时间,内容,结果,时间,内容,结果
1,daily,"adj./adv.每日,日常; n.日报",,daily,,,,,,,
2,in one's daily life,在某人的日常生活中,,,,,,,,,
3,damage,"vt./n.损害,毁坏",,,,,,,,,
4,"damage(vt.) ..., do damage(n.) to ...",对……造成伤害,,,,,,,,,
5,damage(n.) to property,财产损失,,,,,,,,,
6,damaging,adj.有破坏性的,,,,,,,,,
7,damp,"adj.潮的,湿的; n.潮湿; vt.减弱",,,,,,,,,
8,damp(en) his enthusiasm,减弱他的热情,,,,,,,,,
9,dance,n.舞蹈; v.跳舞; n.舞会,,,,,,,,,
10,dance to the music,跟着音乐跳舞,,,,,,,,,
11,dance with sb,与某人一起跳舞,,,,,,,,,
12,danger,n.危险,,,,,,,,,
13,in danger,处于危险之中,,,,,,,,,
14,out of danger,脱离危险,,,,,,,,,
15,dangerous,adj.危险的,,,,,,,,,
16,endanger,vt.危及,,,,,,,,,
17,endangered,adj.濒危的,,,,,,,,,
18,the endangered animals,濒临灭绝的动物,,,,,,,,,
19,dare,"v.敢,胆敢",,,,,,,,,
20,daring,"n.勇气,胆量",,,,,,,,,
21,dark,adj.黑暗的; n.黑暗;天黑; adj.深色的,,,,,,,,,
22,at dark,天黑时,,,,,,,,,
23,before dark,天黑前,,,,,,,,,
24,sit in the dark,坐在黑暗里,,,,,,,,,
25,darkness,n.黑暗,,,,,,,,,
26,dark green,深绿色,,,,,,,,,
27,data,n.数据;资料,,,,,,,,,
28,big data processing,大数据处理,,,,,,,,,
29,database,n.数据库,,,,,,,,,
30,date,n.日期; vt.注明日期; vt.鉴定年代; vi.追溯到; n.约会,,,,,,,,,
31,What's the date today?,今天几月几号?,,,,,,,,,
32,to date,至今为止,,,,,,,,,
33,keep up to date(on ......),掌握(……的)最新情况,,,,,,,,,
34,be out of date,"过时,不合时宜",,,,,,,,,
35,"out-of-date, outdated, dated",adj.过时的,,,,,,,,,
36,a letter (which is) dated Jan. 2nd,注明1月2日的一封信,,,,,,,,,
37,date the antique at the Ming Dynasty,将古董的年代断定为明朝,,,,,,,,,
38,"date back to, date from",追溯到……,,,,,,,,,
39,"have a date with sb, date sb",与(情侣)约会,,,,,,,,,
40,go out on a date,出去(与情侣)约会,,,,,,,,,
41,daughter,n.女儿,,,,,,,,,
42,dawn,n.黎明; vi.天亮; vi.被理解,,,,,,,,,
43,at dawn,在黎明时,,,,,,,,,
44,"sth dawn on sb, It dawns on sb that ...",某人明白/理解了……,,,,,,,,,
45,day,"n.一天,日子; n.白天; n.节日; n.时代",,,,,,,,,
46,to this day,至今为止,,,,,,,,,
47,the other day,几天前,,,,,,,,,
48,another day,另一天,,,,,,,,,
49,the day before yesterday,前天,,,,,,,,,
50,the day after tomorrow,后天,,,,,,,,,
51,the day-to-day life,日常生活,,,,,,,,,
52,all day(long),一整天,,,,,,,,,
53,some day,(将来的)某一天,,,,,,,,,
54,one day,(过去或将来的)某一天,,,,,,,,,
55,"day after day, day in and day out",日复一日,,,,,,,,,
56,grow stronger with each passing day,日益强壮,,,,,,,,,
57,"during the day, by day","在白天,日间",,,,,,,,,
58,work day and night,日以继夜地工作,,,,,,,,,
59,Labor Day,劳动节,,,,,,,,,
60,National Day,国庆节,,,,,,,,,
61,Teachers' Day,教师节,,,,,,,,,
62,Children's Day,儿童节,,,,,,,,,
63,Mother's Day,母亲节,,,,,,,,,
64,in one's day,在某人所处的时代,,,,,,,,,
65,dead,adj.死的;死气沉沉的,,,,,,,,,
66,deadly,adj.致命的,,,,,,,,,
67,deadline,"n.截止日期,最后期限",,,,,,,,,
68,meet the deadline(for application),赶上(申请的)最后期限,,,,,,,,,
69,deaf,adj.聋的,,,,,,,,,
70,turn a deaf ear to...,对……充耳不闻/置若罔闻,,,,,,,,,
71,be deaf to one's advice,不听某人的建议,,,,,,,,,
72,deal,"v.解决; v.涉及; v./n.交易; n.便宜货; n.协议; vt.造成(损失,伤害,打击); v.分配; 很多; 重要事件/人物",,,,,,,,,
73,deal with,"解决,处理",,,,,,,,,
74,deal with sb,与某人做交易,,,,,,,,,
75,deal in tea,做茶叶生意,,,,,,,,,
76,make a deal,"达成交易,成交",,,,,,,,,
77,dealer,"n.经销商,贸易商",,,,,,,,,
78,get a good deal,买到便宜货,,,,,,,,,
79,do a (heavy) blow to tourism,对旅游业造成(严重)损失,,,,,,,,,
80,deal out cards,发牌,,,,,,,,,
81,deal sb a card,发给某人一张牌,,,,,,,,,
82,a great deal of...,大量的……,,,,,,,,,
83,a big deal,①大人物;②了不起的事,,,,,,,,,
84,dear,adj.亲爱的; n.亲爱的人; adj.昂贵的,,,,,,,,,
85,death,n.死亡,,,,,,,,,
86,be burnt to death,被烧死,,,,,,,,,
87,be beaten to death,被打死,,,,,,,,,
88,be shot to death,被射杀,,,,,,,,,
89,be frightened/ scared to death,无卿得要死,,,,,,,,,
90,be bored to death,被饿死,,,,,,,,,
91,starve to death,被冻死,,,,,,,,,
92,freeze to death,被呛死,,,,,,,,,
93,choke to death,九死一生,,,,,,,,,
94,narrowly escape death,生死攸关,,,,,,,,,
95,mean the difference between life and death,外科医生的医术有时关乎生死。,,,,,,,,,
96,debate,v./n.辩论;争论,,,,,,,,,
97,a debate on/ over ...,关于……的辩论/争论,,,,,,,,,
98,under debate,正在辩论/争论之中,,,,,,,,,
99,debatable,adj.有争议的,,,,,,,,,
100,debt,n.债务;欠债,,,,,,,,,
101,be in heavy debt,欠债累累(持续状态),,,,,,,,,
102,get into heavy debt,陷入沉重的负债(瞬间动作),,,,,,,,,
103,decade,n.十年,,,,,,,,,
104,decades of...,几十年的……,,,,,,,,,
105,over/ in the past few decades,在过去的几十年间,,,,,,,,,
106,decent,"adj.像样的,体面的; adj.正派的,合乎规矩的",,,,,,,,,
107,a decent job,体面的工作,,,,,,,,,
108,a decent wedding ceremony,体面的婚礼,,,,,,,,,
109,a decent person,一个正派的人,,,,,,,,,
110,decide,v.决定,,,,,,,,,
111,decide to do,决定做某事,,,,,,,,,
112,decide on sth,对某事作出决定,,,,,,,,,
113,decisive,adj.决定性的;果断的(反: in~),,,,,,,,,
114,decision,n.决定,,,,,,,,,
115,make a decision,做出决定,,,,,,,,,
116,"decision to do..., decision on/ about ...",……的决定,,,,,,,,,
117,dealer,"n.经销商,贸易商",,,,,,,,,
118,get a good deal,买到便宜货,,,,,,,,,
119,do a (heavy) blow to tourism,对旅游业造成(严重)损失,,,,,,,,,
120,deal out cards,发牌,,,,,,,,,
121,deal sb a card,发给某人一张牌,,,,,,,,,
122,a great deal of...,大量的……,,,,,,,,,
123,a big deal,①大人物;②了不起的事,,,,,,,,,
124,dear,adj.亲爱的; n.亲爱的人; adj.昂贵的,,,,,,,,,
125,death,n.死亡,,,,,,,,,
126,be burnt to death,被烧死,,,,,,,,,
127,be beaten to death,被打死,,,,,,,,,
128,be shot to death,被射杀,,,,,,,,,
129,be frightened/ scared to death,无卿得要死,,,,,,,,,
130,be bored to death,被饿死,,,,,,,,,
131,starve to death,被冻死,,,,,,,,,
132,freeze to death,被呛死,,,,,,,,,
133,choke to death,九死一生,,,,,,,,,
134,narrowly escape death,生死攸关,,,,,,,,,
135,mean the difference between life and death,外科医生的医术有时关乎生死。,,,,,,,,,
136,debate,v./n.辩论;争论,,,,,,,,,
137,a debate on/ over ...,关于……的辩论/争论,,,,,,,,,
138,under debate,正在辩论/争论之中,,,,,,,,,
139,debatable,adj.有争议的,,,,,,,,,
140,debt,n.债务;欠债,,,,,,,,,
141,be in heavy debt,欠债累累(持续状态),,,,,,,,,
142,get into heavy debt,陷入沉重的负债(瞬间动作),,,,,,,,,
143,decade,n.十年,,,,,,,,,
144,decades of...,几十年的……,,,,,,,,,
145,over/ in the past few decades,在过去的几十年间,,,,,,,,,
146,decent,"adj.像样的,体面的; adj.正派的,合乎规矩的",,,,,,,,,
147,a decent job,体面的工作,,,,,,,,,
148,a decent wedding ceremony,体面的婚礼,,,,,,,,,
149,a decent person,一个正派的人,,,,,,,,,
150,decide,v.决定,,,,,,,,,
151,decide to do,决定做某事,,,,,,,,,
152,decide on sth,对某事作出决定,,,,,,,,,
153,decisive,adj.决定性的;果断的(反: in~),,,,,,,,,
154,decision,n.决定,,,,,,,,,
155,make a decision,做出决定,,,,,,,,,
156,"decision to do..., decision on/ about ...",……的决定,,,,,,,,,
157,declare,"vt.宣布,声明",,,,,,,,,
158,declare war on,向……宣战,,,,,,,,,
159,declare that ...,"宣布,表明",,,,,,,,,
160,declare the military operation(to be)illegal,宣布此次军事行动非法,,,,,,,,,
161,declaration,"n.宣布,公告",,,,,,,,,
162,decline,vt./vi.(婉言)谢绝; vi./n.衰退; vi./n.下降,,,,,,,,,
163,decline to do,(婉言)谢绝做某事,,,,,,,,,
164,decline the invitation,(婉言)谢绝邀请,,,,,,,,,
165,fall into decline,开始衰落,,,,,,,,,
166,in decline,正在下跌/下降/衰退,,,,,,,,,
167,decrease,v./n.下降;减少,,,,,,,,,
168,decline/ decrease(v.) from 90% by 20% to 70%,从90%下降了20%到70%,,,,,,,,,
169,a sharp/ dramatic decline/ decrease(n.),急剧下降,,,,,,,,,
170,decline/ decrease(v.) sharply/ dramatically,急剧下降,,,,,,,,,
171,decorate,"vt.装饰,装潢",,,,,,,,,
172,decorate ... with ...,用……来装饰,,,,,,,,,
173,decoration,"n.装饰,装潢;装饰品",,,,,,,,,
174,dedicate,"vt.致力,献身",,,,,,,,,
175,dedicate oneself to/ be dedicated to doing,致力于做……,,,,,,,,,
176,dedicate one's life to doing,一生奉献给做某事,,,,,,,,,
177,dedication,"n.敬业,献身",,,,,,,,,
178,dedicated,adj.敬业的; adj.专用的,,,,,,,,,
179,a dedicated teacher,一位敬业的老师,,,,,,,,,
180,dedicated software,专用软件,,,,,,,,,
181,deed,"n.行为,行动,事情",,,,,,,,,
182,words and deeds,言行,,,,,,,,,
183,do good deeds,做好人好事,,,,,,,,,
184,deep,"adj.深的; adv.(与deeply比较)主要修饰时间,状态,空间,介词短语等",,,,,,,,,
185,dark green,深绿色,,,,,,,,,
186,deep in thought,深入沉思,,,,,,,,,
187,a deep hidden deep beneath the ground,被深藏在地下,,,,,,,,,
188,be hidden deep beneath the ground,被深藏在地下,,,,,,,,,
189,stare deep into her eye,深深凝视着她的眼睛,,,,,,,,,
190,talk deep into the night,一直谈话到深夜,,,,,,,,,
191,deeply,"adv.与deep比较,主要用于修饰,隐喻带有情感色彩的动词，表示认真程度，还可用于修饰adj.",,,,,,,,,
192,think deeply about ...,深思……,,,,,,,,,
193,breathe deeply,深呼吸,,,,,,,,,
194,take a deep breath,深呼吸,,,,,,,,,
195,sleep deeply,睡得很沉,,,,,,,,,
196,declare,"vt.宣布,声明",,,,,,,,,
197,declare war on,向……宣战,,,,,,,,,
198,declare that ...,"宣布,表明",,,,,,,,,
199,declare the military operation(to be)illegal,宣布此次军事行动非法,,,,,,,,,
200,declaration,"n.宣布,公告",,,,,,,,,
201,decline,vt./vi.(婉言)谢绝; vi./n.衰退; vi./n.下降,,,,,,,,,
202,decline to do,(婉言)谢绝做某事,,,,,,,,,
203,decline the invitation,(婉言)谢绝邀请,,,,,,,,,
204,fall into decline,开始衰落,,,,,,,,,
205,in decline,正在下跌/下降/衰退,,,,,,,,,
206,decrease,v./n.下降;减少,,,,,,,,,
207,decline/ decrease(v.) from 90% by 20% to 70%,从90%下降了20%到70%,,,,,,,,,
208,a sharp/ dramatic decline/ decrease(n.),急剧下降,,,,,,,,,
209,decline/ decrease(v.) sharply/ dramatically,急剧下降,,,,,,,,,
210,decorate,"vt.装饰,装潢",,,,,,,,,
211,decorate ... with ...,用……来装饰,,,,,,,,,
212,decoration,"n.装饰,装潢;装饰品",,,,,,,,,
213,dedicate,"vt.致力,献身",,,,,,,,,
214,dedicate oneself to/ be dedicated to doing,致力于做……,,,,,,,,,
215,dedicate one's life to doing,一生奉献给做某事,,,,,,,,,
216,dedication,"n.敬业,献身",,,,,,,,,
217,dedicated,adj.敬业的; adj.专用的,,,,,,,,,
218,a dedicated teacher,一位敬业的老师,,,,,,,,,
219,dedicated software,专用软件,,,,,,,,,
220,deed,"n.行为,行动,事情",,,,,,,,,
221,words and deeds,言行,,,,,,,,,
222,do good deeds,做好人好事,,,,,,,,,
223,deep,"adj.深的; adv.(与deeply比较)主要修饰时间,状态,空间,介词短语等",,,,,,,,,
224,dark green,深绿色,,,,,,,,,
225,deep in thought,深入沉思,,,,,,,,,
226,a deep hidden deep beneath the ground,被深藏在地下,,,,,,,,,
227,be hidden deep beneath the ground,被深藏在地下,,,,,,,,,
228,stare deep into her eye,深深凝视着她的眼睛,,,,,,,,,
229,talk deep into the night,一直谈话到深夜,,,,,,,,,
230,deeply,"adv.与deep比较,主要用于修饰,隐喻带有情感色彩的动词，表示认真程度，还可用于修饰adj.",,,,,,,,,
231,think deeply about ...,深思……,,,,,,,,,
232,breathe deeply,深呼吸,,,,,,,,,
233,take a deep breath,深呼吸,,,,,,,,,
234,sleep deeply,睡得很沉,,,,,,,,,
235,defend,"vt./v.防御,防卫,保卫; 防守(球门); v.辩护",,,,,,,,,
236,defend the country/ border,保卫祖国/边疆,,,,,,,,,
237,defend oneself against attackers,保卫自己免受袭击者的侵害,,,,,,,,,
238,defend against danger,防范危险,,,,,,,,,
239,defend well in the football match,在足球赛中防守出色,,,,,,,,,
240,defend oneself against the charge in court,在法庭上就指控为自己辩护,,,,,,,,,
241,defence," defense,n.防御,防卫,保卫; n.辩护",,,,,,,,,
242,the last line of defence,最后一道防线,,,,,,,,,
243,in defence of ...,为了保卫……,,,,,,,,,
244,Soldiers died in defence of their country.,士兵们为了保卫他们的国家而牺牲了。,,,,,,,,,
245,in one's defence,为……辩护,,,,,,,,,
246,definite,"adj.明确的,确切的",,,,,,,,,
247,a definite answer/ reply,明确的回答/答复,,,,,,,,,
248,definitely,"adv.明确地,肯定地",,,,,,,,,
249,definition,n.定义;释义; n.清晰度,,,,,,,,,
250,by definition,"根据释义,顾名思义",,,,,,,,,
251,define,vt.①定义;②确定,,,,,,,,,
252,define ... as ...,将……定义为……,,,,,,,,,
253,define clients' needs,确定客户需求,,,,,,,,,
254,degree,n.学位; n.程度; n.度数,,,,,,,,,
255,a bachelor's degree (in physics), (物理)学士学位,,,,,,,,,
256,a master's degree (in chemistry), (化学)硕士学位,,,,,,,,,
257,a doctor's degree (in medicine), (医学)博士学位,,,,,,,,,
258,to a great degree/ extent,在很大程度上,,,,,,,,,
259,to some a certain degree/ extent,在某种程度上,,,,,,,,,
260,to such a degree/ an extent,到如此程度,,,,,,,,,
261,To what degree/ extent ...?,在多大程度上……?,,,,,,,,,
262,delay,"v./n.延期,推迟,耽搁",,,,,,,,,
263,delay doing,推迟做某事,,,,,,,,,
264,without delay,毫不迟延地,,,,,,,,,
265,delayed retirement,延迟退休,,,,,,,,,
266,delay ... by+时间,推迟/延误……时间,,,,,,,,,
267,delete,"vt.删除,删去",,,,,,,,,
268,deletion,n.删除,,,,,,,,,
269,delicate,"adj.纤弱的; adj.纤细的,精美的; adj.易碎的; 娇嫩的; adj.清淡的; adj.微妙的",,,,,,,,,
270,a delicate child,身体娇弱的孩子,,,,,,,,,
271,a delicate wrist,纤细的手腕,,,,,,,,,
272,a delicate vase,精致的花瓶,,,,,,,,,
273,a delicate glass,易碎的玻璃,,,,,,,,,
274,delicate skin,娇嫩的皮肤,,,,,,,,,
275,delicate flavor,清淡的口味,,,,,,,,,
276,the delicate balance,微妙平衡,,,,,,,,,
277,delicious,"adj.美味的,可口的",,,,,,,,,
278,delicacy,"n.美味佳肴,美食",,,,,,,,,
279,delight,"v./n.(使)高兴,(使)愉快",,,,,,,,,
280,with delight,高兴地,,,,,,,,,
281,be delighted at/ with ...,为…感到高兴,,,,,,,,,
282,be delighted to do,高兴做某事,,,,,,,,,
283,"to one's (great) delight, (much) to one's delight",令某人(大为)高兴的是,,,,,,,,,
284,"take delight(n.) in ......, delight(v.) in ...",以(尤指不好的事)为乐,,,,,,,,,
285,delighted,adj.感到高兴的,,,,,,,,,
286,delightful,adj.令人高兴的,,,,,,,,,
287,deliver,vt.投递; vt.投以; vt.发表; vt.给予; vt.接生; v.履行,,,,,,,,,
288,deliver a letter,递送一封信,,,,,,,,,
289,deliver a smile,投以微笑,,,,,,,,,
290,deliver a speech/ an address,发表演讲,,,,,,,,,
291,deliver a heavy blow,给予重击,,,,,,,,,
292,deliver a warning about ...,就……发出警告,,,,,,,,,
293,deliver (her of) a baby,医生接生婴儿,,,,,,,,,
294,be delivered of a baby,[孕妇]生下婴儿,,,,,,,,,
295,deliver on this mission,履行这个使命,,,,,,,,,
296,deliver on one's promise(s),兑现某人的承诺,,,,,,,,,
297,delivery,n.①投递;②递送的物品;③演讲风格;④打击;⑤分娩,,,,,,,,,
298,demand,"vt./n.(坚决,有权,强烈)要求; vt./n.需要",,,,,,,,,
299,demand to do,要求做某事,,,,,,,,,
300,demand that ... (should) do,要求……,,,,,,,,,
301,demand sth of sb,向某人要某物,,,,,,,,,
302,demanding,"adj.苛求的,要求高的,费力的",,,,,,,,,
303,a demanding job,要求高的工作,,,,,,,,,
304,in great demand,需求量大,,,,,,,,,
305,supply and demand,供求关系,,,,,,,,,
306,meet/ satisfy/ fill sb's demands(s)/the demands of sb (for sth),满足某人(对……)的要求,,,,,,,,,
307,"If the orchestra met the conductor's demands for high-quality music, he would weep for joy.",如果管乐队满足了指挥对高质量音乐的要求，他会喜悦而泣。,,,,,,,,,
308,demonstrate,"vt.游行示威; vt.演示; vt.展现,证明",,,,,,,,,
309,"At the exhibition, the company's sales manager demonstrated the new type of electronic toys(which/ that) children were looking forward to.",在展览会上，公司销售经理展示了孩子们所期待的新型电子玩具。,,,,,,,,,
310,demonstrate one's courage,展现出某人的勇气,,,,,,,,,
311,demonstrate one's ability to do,证实了某人做……的能力,,,,,,,,,
312,demonstrate the link between ... and ...,证实了……和……的联系,,,,,,,,,
313,dentist,n.牙医,,,,,,,,,
314,the dentists,牙医诊所,,,,,,,,,
315,deny,"vt.否定,否认; vt.拒绝",,,,,,,,,
316,deny doing,否认做某事,,,,,,,,,
317,deny that ...,否认……,,,,,,,,,
318,There is no denying+ n.,不可否认,,,,,,,,,
319,There is no denying that+句子,不可否认,,,,,,,,,
320,There is no denying the beauty of a sunset.,日落的美丽毋庸置疑。,,,,,,,,,
321,There is no denying that a sunset is beautiful.,日落的美丽毋庸置疑。,,,,,,,,,
322,denial,"n.①否定,否认;②拒绝",,,,,,,,,
323,Access to the information was denied to us.,我们无法得到情报。,,,,,,,,,
324,depart,"vi.离开,出发,起程",,,,,,,,,
325,depart (from A) for B,(离开A)出发去B,,,,,,,,,
326,departure,"n.①离开,出发;②背离",,,,,,,,,
327,departure time,离开时间,,,,,,,,,
328,department,n.部门;院系,,,,,,,,,
329,a department store,百货商店,,,,,,,,,
330,a sales department,销售部,,,,,,,,,
331,depend,"vi.依赖,依靠,取决于",,,,,,,,,
332,dependent,adj.依赖的,,,,,,,,,
333,depend on= be dependent on,①依赖; ②取决于,,,,,,,,,
334,Whether a book sells well depends on many factors.,一本书是否畅销取决于诸多因素。,,,,,,,,,
335,It all depends.,视情况而定。,,,,,,,,,
336,dependence,"n.依赖,依靠(反: in~)",,,,,,,,,
337,depress,vt.使沮丧; vt.使抑郁; vt.使萧条; vt.按下,,,,,,,,,
338,be depressed about ...,为……感到沮丧,,,,,,,,,
339,depressing,adj.令人沮丧的,,,,,,,,,
340,depressed,adj.①感到沮丧的;②患抑郁症的,,,,,,,,,
341,a depressed market,不景气的市场,,,,,,,,,
342,depression,n.①沮丧;②抑郁;③萧条,,,,,,,,,
343,the (Great) Depression,(1929-1933 年的)经济大萧条,,,,,,,,,
344,depth,n.深度;纵深,,,,,,,,,
345,in the depths of winter,在隆冬,,,,,,,,,
346,in the depths of despair,处在绝望的深渊,,,,,,,,,
347,What's the depth of the water?,水有多深?,,,,,,,,,
348,How deep is the water?,水有多深?,,,,,,,,,
349,This pond is ten meters in depth.,这池塘十米深。,,,,,,,,,
350,This pond is ten meters deep.,这池塘十米深。,,,,,,,,,
351,describe,"vt.描述,描绘,描写,形容",,,,,,,,,
352,describe ... as ...,把……描述为……,,,,,,,,,
353,description,"n.描述,描绘,描写,形容",,,,,,,,,
354,beyond description,"难以描述,无法形容",,,,,,,,,
355,desert,"n.沙漠; vt.遗弃,抛弃",,,,,,,,,
356,a desert island,荒岛,,,,,,,,,
357,deserve,"vt.值得;应受,应得",,,,,,,,,
358,"deserve sth, deserve to do","应得……,应受到……",,,,,,,,,
359,"deserve sth, deserve doing, deserve to be done",值得被做,,,,,,,,,
360,design,"vt.设计; n.设计,图案",,,,,,,,,
361,designer,n.设计师,,,,,,,,,
362,a fashion designer,时装设计师,,,,,,,,,
363,designer clothes,(著名设计师设计的)名牌服装,,,,,,,,,
364,desire,"vt./n.希望,渴望",,,,,,,,,
365,desire(v.) sth,渴望某物,,,,,,,,,
366,desire(n.) for sth,对某物的渴望,,,,,,,,,
367,desire(v./n.) to do,渴望做某事,,,,,,,,,
368,desire(v.) sb to do,渴望某人做某事,,,,,,,,,
369,desire(v.) that ...(should) do,渴望……,,,,,,,,,
370,desirable,"adj.值得拥有的,可取的,有益的",,,,,,,,,
371,desk,"n.①办公桌,书桌;②接待处,服务台",,,,,,,,,
372,at the reception desk,在接待处/服务台/前台,,,,,,,,,
373,desperate,adj.感到绝望的; adj.不顾一切的; adj.极度渴望的,,,,,,,,,
374,despair,n./vi.绝望,,,,,,,,,
375,in despair,绝望地,,,,,,,,,
376,fall into despair,陷入绝望,,,,,,,,,
377,desperation,"n.拼命,不顾一切",,,,,,,,,
378,the desperate struggle to rescue the patient,拼命救病人的努力,,,,,,,,,
379,in desperation,在走投无路之下,,,,,,,,,
380,"be desperate for sth, be desperate to do",很渴望得到某物/去做某事,,,,,,,,,
381,be in desperate need of ...,急需……,,,,,,,,,
382,despite,prep.尽管,,,,,,,,,
383,despite+名词/短语/名词性从句/the fact that,尽管……,,,,,,,,,
384,"Despite his illness, he still stuck to his post.",尽管他病了，但他依然坚守岗位。,,,,,,,,,
385,"Despite the fact that he was ill, he still stuck to his post.",尽管他病了，但他依然坚守岗位。,,,,,,,,,
386,"Despite what he had done, he failed to persuade people into believing him.",尽管他做了些事情，但他没能说服大家相信他。,,,,,,,,,
387,desert,"n.目的地,终点",,,,,,,,,
388,destination,"n.目的地,终点",,,,,,,,,
389,a tourist destination,旅游目的地,,,,,,,,,
390,destroy,"vt.破坏,毁坏,摧毁",,,,,,,,,
391,destruction,"n.破坏,毁坏,摧毁",,,,,,,,,
392,detail,"n.细节; vt.详细说明,详细列举",,,,,,,,,
393,in detail,详细地,,,,,,,,,
394,detailed,adj.详细的,,,,,,,,,
395,detect,"vt.察觉,发现",,,,,,,,,
396,detective,"adj.侦探的; n.侦探,警探",,,,,,,,,
397,a detective story,侦探小说,,,,,,,,,
398,do some detective work,做一些侦查工作,,,,,,,,,
399,determine,"vt.下决心,决定; vt.查明,确定",,,,,,,,,
400,be determined to do,下定决心做某事,,,,,,,,,
401,determined attitude,坚定的态度,,,,,,,,,
402,determination,n.决心,,,,,,,,,
403,determine the cause of the accident,查明事故原因,,,,,,,,,
404,develop,"vt.发展; v.发育;生长; vt.开发; vt.形成;出现,产生; vt.得(病),患(病)",,,,,,,,,
405,a developing country,发展中国家,,,,,,,,,
406,a developed country,发达国家,,,,,,,,,
407,an underdeveloped country,欠发达国家,,,,,,,,,
408,the least developed country,最不发达国家,,,,,,,,,
409,develop into a quarrel,演变为争吵,,,,,,,,,
410,developmental (adj.) delay,发育迟缓,,,,,,,,,
411,developer,n.发育者;成长的人; ①晚发育者;②大器晚成者,,,,,,,,,
412,a late developer,①晚发育者;②大器晚成者,,,,,,,,,
413,develop the new technology,开发新技术,,,,,,,,,
414,develop the property,开发房地产,,,,,,,,,
415,device,"n.装置,设备",,,,,,,,,
416,devote,"vt.投身,奉献",,,,,,,,,
417,"devote oneself to ......, be devoted to ...",致力于(to是介词),,,,,,,,,
418,devote one's life/ time/ energy to ...,将一生/时间/精力奉献给……(to是介词),,,,,,,,,
419,devotion,"n.献身,奉献,致力",,,,,,,,,
420,devotion to ...,对……的投入/献身,,,,,,,,,
421,diagnose,vt.诊断,,,,,,,,,
422,[某人] be diagnosed with+疾病名称,被诊断得了…,,,,,,,,,
423,[疾病] be diagnosed as+疾病名称,被诊断为…,,,,,,,,,
424,diagnosis,n.诊断,,,,,,,,,
425,diagram,"n.图表,示意图",,,,,,,,,
426,dialog(ue),n.对话,,,,,,,,,
427,diamond,"n.钻石,金刚石",,,,,,,,,
428,diary,"n.日志,日记",,,,,,,,,
429,keep a diary,"记日记,写日记",,,,,,,,,
430,dictionary,"n.字典,词典",,,,,,,,,
431,a walking dictionary,活字典,,,,,,,,,
432,refer to/ consult the dictionary,查字典,,,,,,,,,
433,look up the word(s) in the dictionary,查字典,,,,,,,,,
434,die,v.死亡,,,,,,,,,
435,die young,英年早逝,,,,,,,,,
436,die from wounds,因伤而死(from+外因),,,,,,,,,
437,die of a heart attack,死于心脏病发(of+内因),,,,,,,,,
438,die of depression,死于抑郁(of+内因),,,,,,,,,
439,die of starvation,饿死(of+内因),,,,,,,,,
440,die out,灭绝,,,,,,,,,
441,die off,相继死去,,,,,,,,,
442,die away,"(风,光,声)逐渐变弱",,,,,,,,,
443,die down,逐渐减弱,,,,,,,,,
444,diet,n.饮食,,,,,,,,,
445,a balanced diet,均衡饮食,,,,,,,,,
446,be/ go on a diet,节食,,,,,,,,,
447,differ,"vi.不同,有区别; vi.(意见)发生分歧",,,,,,,,,
448,different,adj.不同的,,,,,,,,,
449,be different from,与……不同,,,,,,,,,
450,differ from ...,与……不同,,,,,,,,,
451,be different in ...,在……方面不同,,,,,,,,,
452,differ in ...,在……方面不同,,,,,,,,,
453,differentiate,"vt.区分,辨别",,,,,,,,,
454,differentiate between A and B,将A和B区分开来,,,,,,,,,
455,differentiate A from B,将A和B区分开来,,,,,,,,,
456,differ with sb,与某人意见不一,,,,,,,,,
457,difference,"n.[C]差异,不同;分歧",,,,,,,,,
458,the difference(s) between A and B,A与B之间的差异,,,,,,,,,
459,the difference(s) in ...,在……方面的不同,,,,,,,,,
460,make a difference,"起作用,有效果,有影响",,,,,,,,,
461,make no/ little difference,一点作用也没有,,,,,,,,,
462,difficult,"adj.困难的,艰难的",,,,,,,,,
463,a difficult student,学困生,,,,,,,,,
464,difficulty,"困难,艰难",,,,,,,,,
465,have difficulty (in) doing,做某事有困难,,,,,,,,,
466,in difficulty/ difficulties,处在困境中,,,,,,,,,
467,with difficulty/ difficulties,"困难地,吃力地",,,,,,,,,
468,dig,"vt./n.挖,掘,挖掘",,,,,,,,,
469,dig up details,挖掘细节,,,,,,,,,
470,digest,"vt.消化,吸收; vt.理解,领悟",,,,,,,,,
471,digest the food,消化食物,,,,,,,,,
472,digest a book,理解一本书,,,,,,,,,
473,digestion,"n.①消化,吸收;②理解,领悟",,,,,,,,,
474,digital,"adj.数字的,数码的",,,,,,,,,
475,a digital camera,数码相机,,,,,,,,,
476,digit,n.[数]数位,,,,,,,,,
477,four digits,四位数,,,,,,,,,
478,dignity,n.尊严,,,,,,,,,
479,live with dignity,有尊严地生活,,,,,,,,,
480,dimension,"n.(空间)维度; n.方面,层面,侧面; n.(~s)规模,程度,范围",,,,,,,,,
481,dimensional,adj.维度的,,,,,,,,,
482,a three dimensional structure,三维结构,,,,,,,,,
483,add a new dimension to her life,为她的生活增添新的内容,,,,,,,,,
484,a disaster of great dimensions,巨大的灾难,,,,,,,,,
485,dine,"vi.进餐,用餐",,,,,,,,,
486,dine out,外出吃饭,,,,,,,,,
487,a dining table,餐桌,,,,,,,,,
488,a dining room,(家里的)餐厅,,,,,,,,,
489,a dining car,(火车上的)餐车,,,,,,,,,
490,dinner,"n.晚餐,正餐",,,,,,,,,
491,a dinner party,晚宴,,,,,,,,,
492,have noodles for dinner,晚饭吃面,,,,,,,,,
493,dinosaur,n.恐龙,,,,,,,,,
494,direct,"vt.指示,要求; vt.导演(电影或剧); vt.指导,监督,负责; vt.引导,指路; adj.直接的(反: in~); adj.率直的",,,,,,,,,
495,direct sb to do,指示/要求某人做某事,,,,,,,,,
496,direct that ...(should) do,指示/要求……,,,,,,,,,
497,direct a TV series,导演一部电视剧,,,,,,,,,
498,director,"n.①主管,董事;②导演",,,,,,,,,
499,direct day-to-day operations,负责日常运营,,,,,,,,,
500,direct sb to the school,给某人指出去学校的路,,,,,,,,,
501,a direct question,一个直截了当的问题,,,,,,,,,
502,go direct to ...,直接去……,,,,,,,,,
503,fly direct to ...,直飞……,,,,,,,,,
504,a direct flight to Shanghai,直飞上海的航班,,,,,,,,,
505,directly,adv.直接地(反: in~); conj.一……就……,,,,,,,,,
506,be directly associated with ...,与……直接相关,,,,,,,,,
507,direction,"n.方向; n.(常~s)指示,指引,说明",,,,,,,,,
508,go/ head in the direction of ...,朝着……方向去,,,,,,,,,
509,walk in the direction of ...,朝着……方向走去,,,,,,,,,
510,from all directions,从四面八方,,,,,,,,,
511,from the direction of ...,从……方向,,,,,,,,,
512,in all directions,向四面八方,,,,,,,,,
513,In which direction are we going?,我们要去什么方向?,,,,,,,,,
514,give sb directions,给某人指示,,,,,,,,,
515,follow the directions,遵照指示,,,,,,,,,
516,directory,n.公司名录;电话簿;[计算机]目录,,,,,,,,,
517,dirty,"adj.脏的,肮脏的",,,,,,,,,
518,dirt,"n.污垢,污物,灰尘",,,,,,,,,
519,disabled,adj.残疾的,,,,,,,,,
520,disability,"n.残疾,无能",,,,,,,,,
521,disappear,vi.消失,,,,,,,,,
522,disappearance,n.消失,,,,,,,,,
523,disappoint,vt.使失望,,,,,,,,,
524,be disappointed at sth/ with sb/ to do/ that ...,对……感到失望,,,,,,,,,
525,disappointed,adj.感到失望的,,,,,,,,,
526,disappointing,adj.令人失望的,,,,,,,,,
527,disappointment,n.失望,,,,,,,,,
528,disaster,"n.灾难,灾祸",,,,,,,,,
529,a natural disaster,"自然灾害,天灾",,,,,,,,,
530,a man-made disaster,人祸,,,,,,,,,
531,the disaster-stricken area,灾区,,,,,,,,,
532,disastrous,adj.灾难性的,,,,,,,,,
533,disastrous consequence,灾难性的后果,,,,,,,,,
534,discipline,"n.纪律; vt.(自我)训练,约束; n.训练(方法); vt./n.管教,约束; vt.惩戒,惩处; n.(尤指大学所教的)学科",,,,,,,,,
535,a disciplined army,纪律严明的军队,,,,,,,,,
536,self-discipline,n.自律,,,,,,,,,
537,the discipline for,……的训练方法,,,,,,,,,
538,discipline sb for sth,因某事惩罚某人,,,,,,,,,
539,discount,"n.折扣,打折; vt.将……打折出售; vt.低估,不认为……",,,,,,,,,
540,sell goods at a discount,打折出售商品,,,,,,,,,
541,give/ offer sb a 20% discount,向某人提供八折优惠,,,,,,,,,
542,(sb) get/ be given a 20% discount,(某人)享受到八折,,,,,,,,,
543,discount the possibility of ...,低估……的可能性,,,,,,,,,
544,discount ... as being important,不认为……重要,,,,,,,,,
545,discover,"vt.发现,发觉",,,,,,,,,
546,discovery,n.[U]发现; [C]被发现的事物,,,,,,,,,
547,make some scientific discoveries,做出科学发现,,,,,,,,,
548,discriminate,"vi.歧视; vt./ vi.区分,区别",,,,,,,,,
549,discriminate against women,歧视妇女,,,,,,,,,
550,discriminate A from B,将A和B区分开来,,,,,,,,,
551,discriminate between A and B,将A和B区分开来,,,,,,,,,
552,discrimination,n.(1)歧视;(2)辨别力,,,,,,,,,
553,discrimination against women,对女性的歧视,,,,,,,,,
554,gender/ sex discrimination,性别歧视,,,,,,,,,
555,racial discrimination,种族歧视,,,,,,,,,
556,indiscriminate,adj.不加区分的,,,,,,,,,
557,discuss,vt.讨论,,,,,,,,,
558,discussion,"n.讨论,议论",,,,,,,,,
559,"discuss sth, have a discussion on/ about sth",讨论某事,,,,,,,,,
560,have a discussion with sb,与某人讨论,,,,,,,,,
561,under discussion,正在讨论中,,,,,,,,,
562,disease,"n.病,疾病",,,,,,,,,
563,get/ contract/ pick up/ develop a disease,得病,,,,,,,,,
564,suffer from heart disease,患有心脏病,,,,,,,,,
565,recover from the disease,从疾病中恢复,,,,,,,,,
566,dish,"n.盘,碟;(~es)(待洗的)餐具;一盘食物",,,,,,,,,
567,a main dish/ course,一道主菜,,,,,,,,,
568,a side dish,一道配菜,,,,,,,,,
569,family dishes,家常菜,,,,,,,,,
570,"wash dishes, do the dishes",洗餐具,,,,,,,,,
571,"disk, disc","n.圆盘,磁盘,唱片",,,,,,,,,
572,dismiss,"vt.解雇,开除; vt.摒弃, 不予考虑,对……不屑一提, 驳回; vt.使解散",,,,,,,,,
573,dismiss the objections,对反对之声不予理会,,,,,,,,,
574,dismiss his suggestion(s),对他的建议不予考虑,,,,,,,,,
575,dismiss the case,驳回案件,,,,,,,,,
576,dismiss ... as ...,(持否定态度地)认为……是……,,,,,,,,,
577,The class is dismissed.,下课了。,,,,,,,,,
578,display,"vt./n.展示,表现(情感,态度,品质,能力); vt./n.展出",,,,,,,,,
579,display courage,展现勇气,,,,,,,,,
580,display artworks,展出艺术作品,,,,,,,,,
581,on display,"展览着,陈列着",,,,,,,,,
582,display the file on the screen,在屏幕上显示文件,,,,,,,,,
583,distance,"n.①距离,间距;②远,远处; vt.使疏远",,,,,,,,,
584,be seated at a distance of 2 meters,每隔2米就坐,,,,,,,,,
585,stand in the distance,站在远处,,,,,,,,,
586,look around in the distance,极目远眺,,,,,,,,,
587,look into the distance,朝远处看,,,,,,,,,
588,walk from a distance,从远处走来,,,,,,,,,
589,make a long-distance call,打长途电话,,,,,,,,,
590,distance learning,远程学习,,,,,,,,,
591,distance oneself from ...,与……疏远/撇清关系,,,,,,,,,
592,distant,adj.遥远的;(关系)远的,,,,,,,,,
593,in the not-so-distant future,在不久的未来,,,,,,,,,
594,in the near future,在不久的将来,,,,,,,,,
595,distinct,"adj.(视听/记忆方面)清楚的,明显的; adj.截然不同的",,,,,,,,,
596,distinguish,"vt.区分,区别; vt.使……脱颖而出,使……杰出; vt.认出,看出,听出",,,,,,,,,
597,distinction,"n.①区分, 区别;②n.独特性, 不同凡响处",,,,,,,,,
598,distinguish A from B,区分A和B,,,,,,,,,
599,make a distinction between A and B,区分A和B,,,,,,,,,
600,have the distinction of ...,有着……的独特之处,,,,,,,,,
601,distinctive,"adj.独特的,与众不同的",,,,,,,,,
602,distinguish the company from the competition,使公司在竞争中脱颖而出,,,,,,,,,
603,distinguished,"adj.卓越的,杰出的",,,,,,,,,
604,a distinguished guest,"嘉宾,尊贵的客人",,,,,,,,,
605,distinguish nothing in the dark room,在昏暗房间里看不清东西,,,,,,,,,
606,distract,"vt.分散(注意力),使…分心",,,,,,,,,
607,distract one's attention (from ...),分散某人(对……)的注意力,,,,,,,,,
608,distract sb (from ...),使某人(对……)分心,,,,,,,,,
609,distress,"n.痛苦,苦恼; vt.使苦恼,使悲伤; n.拮据,(缺钱而导致的)困苦, 困难; n.遇难、遇险(正处危险之中)",,,,,,,,,
610,be distressed to do,做某事很苦恼,,,,,,,,,
611,in distress,苦恼地,,,,,,,,,
612,distressed,adj.感到苦恼的,,,,,,,,,
613,distressing,adj.令人苦恼的,,,,,,,,,
614,financial distress,财政困难,,,,,,,,,
615,a poor family in great distress,一户极度贫困的家庭,,,,,,,,,
616,a distress signal,求救信号,,,,,,,,,
617,a ship in distress,一艘遇难船,,,,,,,,,
618,distribute,"vt.分发,分配,分送; vt.分销,经销",,,,,,,,,
619,distribute blankets to refugees,将毯子分发给难民,,,,,,,,,
620,distribution,"n.①分发,分配;②分销,经销",,,,,,,,,
621,district,"n.区,区域;行政区",,,,,,,,,
622,a school district,学区,,,,,,,,,
623,Huangpu District,黄浦区,,,,,,,,,
624,disturb,"vt.打扰,扰乱; vt.弄乱,搞乱,搅乱; vt.使不安; vt.挪动,改变……的位置",,,,,,,,,
625,disturb the balance of nature,破坏生态平衡,,,,,,,,,
626,disturb the papers on the desk,弄乱桌上的文件,,,,,,,,,
627,be disturbed to do,对做某事感到烦恼,,,,,,,,,
628,Don't disturb eggs in the nest.,别动巢里的蛋。,,,,,,,,,
629,dive,vi./n.潜水;跳水,,,,,,,,,
630,dive into the water,跳入水中,,,,,,,,,
631,dive for sth,潜水寻找某物,,,,,,,,,
632,diver,n.①潜水者;②跳水者,,,,,,,,,
633,diving,n.①潜水(运动);②跳水(运动),,,,,,,,,
634,diverse,adj.多种多样的,,,,,,,,,
635,diversity,"n.多样化,多样性",,,,,,,,,
636,biodiversity,n.生物多样性,,,,,,,,,
637,divide,"vt.划分,分开,分隔; vt.使……产生分歧,使……对立; vt.除",,,,,,,,,
638,divide ... from ...,把……与……隔开,,,,,,,,,
639,divide ... into ...,把……分成……,,,,,,,,,
640,divide up,"划分,瓜分,分割,分配",,,,,,,,,
641,divide up the work,分工,,,,,,,,,
642,divide up the money,把钱给分了,,,,,,,,,
643,divide schools up according to home addresses,根据家庭地址划分学校,,,,,,,,,
644,divide ... between(两者)/ among(三者及三者以上),把……分给……,,,,,,,,,
645,Six divided by two is three.,6÷3=2。,,,,,,,,,
646,division,n.①分开;②分歧;③除法;④部门,,,,,,,,,
647,dizzy,adj.头晕目眩的,,,,,,,,,
648,do,"v.做,干; aux.①构成疑问或否定句;②代替动词; ③加强语气",,,,,,,,,
649,do well/ badly in ...,在……上做得好/不好,,,,,,,,,
650,do with,"处理,对待",,,,,,,,,
651,I don't know what to do (with it).,我不知道该如何处置。,,,,,,,,,
652,I don't know how to do it/ deal with it.,我不知道该如何处置。,,,,,,,,,
653,do without sb/ sth,"没……也行,没……也能将就",,,,,,,,,
654,"He is very good at operating a computer, and he can do without a mouse.",他非常擅长电脑操作，没鼠标也行。,,,,,,,,,
655,make do (with ......),"凑活(用……),将就着(用……)",,,,,,,,,
656,have something to do with ...,与……有关,,,,,,,,,
657,have much to do with ...,与……很有关系,,,,,,,,,
658,have nothing to do with ...,与……无关,,,,,,,,,
659,do away with ...,"废除(规划,制度)",,,,,,,,,
660,Our school did away with school uniforms ten years ago.,我们学校十年前就取消了校服。,,,,,,,,,
661,Do cover your mouth and nose with a tissue when you are sneezing.,打喷嚏时，务必用纸巾遮住口鼻。,,,,,,,,,
662,doctor,n.医生; n.博士,,,,,,,,,
663,see a doctor,看医生,,,,,,,,,
664,a doctor's degree,博士学位,,,,,,,,,
665,doctorate,博士学位,,,,,,,,,
666,document,"n.文件,公文; n.证件; vt.记录,记载; vt.用文件(或文献)证明……",,,,,,,,,
667,a well-documented history,有据可查的历史,,,,,,,,,
668,documentary,n.纪录片,,,,,,,,,
669,a documentary(adj. ) film,纪录片,,,,,,,,,
670,It is well documented that ...,有充分的文件(或文献)证明……,,,,,,,,,
671,dog,n.狗,,,,,,,,,
672,a hunting dog,猎犬,,,,,,,,,
673,a guide dog,导盲犬,,,,,,,,,
674,dollar,n.美国、加拿大等地的货币单位,,,,,,,,,
675,dolphin,n.海豚,,,,,,,,,
676,domain,"n.(专业, 职责等)领域, 范畴; n.(旧的)领地, 领土, 势力范围; n.[网站]域名",,,,,,,,,
677,within/ outside the domain of ...,属于/不属于……的范畴,,,,,,,,,
678,domestic,"adj.国内的; adj.家庭的; adj.家养的,驯养的",,,,,,,,,
679,domestic affairs,国内事务,,,,,,,,,
680,domestic violence,家庭暴力,,,,,,,,,
681,domestic animals,家畜,,,,,,,,,
682,dominate,"vt.统治,支配,在……中占主导地位; vi.占主导地位",,,,,,,,,
683,dominant,adj.占统治地位的,,,,,,,,,
684,donate,"vt.捐赠,捐献",,,,,,,,,
685,donate blood,献血,,,,,,,,,
686,donate money to the disabled,给残疾人捐钱,,,,,,,,,
687,donation,"n.捐赠,捐献,捐款,捐赠物",,,,,,,,,
688,make a donation to the charitable cause,向慈善事业捐赠,,,,,,,,,
689,donor,n.捐赠者,,,,,,,,,
690,door,n.门,,,,,,,,,
691,at the door,在门口,,,,,,,,,
692,next door(to ...),(在……)的隔壁,,,,,,,,,
693,from door to door,挨家挨户,,,,,,,,,
694,"dorm /dɔːm/, dormitory /'dɔːmətri/",n.宿舍,,,,,,,,,
695,dot,"n.点; vt.加点于……; vt.在(表面)布满/涂上……; vt.遍布, 布满, 星罗密布于",,,,,,,,,
696,dot the word,给单词加点,,,,,,,,,
697,dot the face with sun cream,将防晒霜涂在脸上,,,,,,,,,
698,A be dotted with B,将A处布满了B,,,,,,,,,
699,This town is dotted with many small villages.,在A处遍布了许多小村庄。,,,,,,,,,
700,double,adj.双倍的; n.双倍; v.(使)加倍; v.①折起;②(笑得或痛得)弓起身子,,,,,,,,,
701,a double-bed room,一间有双人床的房间,,,,,,,,,
702,double up/ over,折起,,,,,,,,,
703,double up/ over a piece of paper,折叠一张纸,,,,,,,,,
704,He doubled up/ over with great pain.,他很痛，身体都直不起来了。,,,,,,,,,
705,doubt,n./vt.怀疑,,,,,,,,,
706,(There is) no doubt that ...,毫无疑问……,,,,,,,,,
707,No doubt,毫无疑问……,,,,,,,,,
708,Without doubt,毫无疑问……,,,,,,,,,
709,Beyond doubt,毫无疑问……,,,,,,,,,
710,Undoubtedly,毫无疑问……,,,,,,,,,
711,in doubt,"没把握,不能确定",,,,,,,,,
712,raise doubts about ...,对……产生怀疑,,,,,,,,,
713,cast doubt(s) on ...,对……产生怀疑,,,,,,,,,
714,I don't/ never doubt that he will keep his promise.,我从不怀疑他将会遵守自己的诺言。,,,,,,,,,
715,I doubt whether he will come tonight.,我怀疑他今晚会不会来。,,,,,,,,,
716,doubtful,"adj.可疑的,有疑问的",,,,,,,,,
717,be doubtful about ...,对……持怀疑态度,,,,,,,,,
718,down,"adv./prep.向下; adv./prep.在不远处; adv./prep.沿着,顺着; come down to,归结为……(to是介词)",,,,,,,,,
719,be down with illness,病倒,,,,,,,,,
720,let sb down,让某人失望了,,,,,,,,,
721,fall down to the ground,掉到地上,,,,,,,,,
722,go down to the shops,到附近的商店去,,,,,,,,,
723,walk down the street,沿着街道行走,,,,,,,,,
724,come down to,归结为……(to是介词),,,,,,,,,
725,It all comes down to funds in the end.,归根到底是资金的问题。,,,,,,,,,
726,download,vt./n.下载,,,,,,,,,
727,upload,vt./n.上传,,,,,,,,,
728,downstairs,adv.往楼下; adj.楼下的,,,,,,,,,
729,go downstairs,下楼,,,,,,,,,
730,downtown,adv./adj./n.市中心,,,,,,,,,
731,go downtown,去市中心,,,,,,,,,
732,a downtown store,一家市中心的商店,,,,,,,,,
733,a hotel in the heart of downtown,在市中心核心区域的酒店,,,,,,,,,
734,dozen,n.①十二;②(a~)十几,,,,,,,,,
735,half a dozen people,六个人,,,,,,,,,
736,a dozen people,①十二个人;②十几个人,,,,,,,,,
737,two dozen people,二十四个人,,,,,,,,,
738,dozens of ...,"几十,数十……",,,,,,,,,
739,draft,"n.草稿,草案; vt.起草,草拟; vt.征召",,,,,,,,,
740,make a rough draft,写初稿,,,,,,,,,
741,draft a contract,起草一份合同,,,,,,,,,
742,draft sb into the army,征召某人入伍,,,,,,,,,
743,drag,"vt.(用力或强行)拖,拽,拉; vi.缓慢前行; vi.拖沓地进行",,,,,,,,,
744,dragon,n.龙,,,,,,,,,
745,drama,n.戏剧,,,,,,,,,
746,dramatic,"adj.戏剧性的;戏剧的; adj.(变化,影响等)巨大的,显著的; adj.激动人心的,给人印象深刻的",,,,,,,,,
747,the dramatic talent,戏剧才能,,,,,,,,,
748,dramatic changes,巨变,,,,,,,,,
749,a dramatic increase/ rise,暴涨,,,,,,,,,
750,dramatically,"adv.①戏剧性地;②巨大地, 显著地",,,,,,,,,
751,the dramatic scenery,令人印象深刻的景色,,,,,,,,,
752,draw,"v.画画; v.吸引; v.拉; v.拔(牙); v.取出; v.获取, 得出, 推断出; v.呼吸,吸气; v./n.打平,平局; v.抽签",,,,,,,,,
753,draw customers,吸引顾客,,,,,,,,,
754,draw one's attention,吸引某人的注意力,,,,,,,,,
755,be drawn to ...,被……所吸引,,,,,,,,,
756,the horse-drawn carriage,马车,,,,,,,,,
757,draw a tooth,拔牙,,,,,,,,,
758,draw/ withdraw money from the bank,从银行取钱,,,,,,,,,
759,draw a gun,掏出一把枪,,,,,,,,,
760,draw a conclusion,得出结论,,,,,,,,,
761,draw a lesson from ...,从……吸取教训,,,,,,,,,
762,draw a breath,吸气,,,,,,,,,
763,"draw/ take a deep breath, breathe deeply",深吸一口气,,,,,,,,,
764,a prize draw,一场抽奖活动,,,,,,,,,
765,draw lots,抽签,,,,,,,,,
766,be drawing near,正在临近,,,,,,,,,
767,The final examination is drawing near.,期末考试快来了。,,,,,,,,,
768,draw up,"(正式)起草,草拟",,,,,,,,,
769,draw up a contract,起草合同,,,,,,,,,
770,draw on,利用,,,,,,,,,
771,He drew on his experience to make a documentary.,他利用自己的经验来制作一个纪录片。,,,,,,,,,
772,drawer,n.抽屉,,,,,,,,,
773,dream,v.做梦;梦想; n.梦;梦想,,,,,,,,,
774,"dream of/ about ..., dream that ...",梦见;梦想着,,,,,,,,,
775,I dream of becoming an astronaut some day.,我梦想有朝一日能成为宇航员。,,,,,,,,,
776,I dream that I can become an astronaut some day.,我梦想有朝一日能成为宇航员。,,,,,,,,,
777,dress,n.连衣裙;礼服; v.穿衣,,,,,,,,,
778,a wedding dress,结婚礼服,,,,,,,,,
779,an evening dress,晚礼服,,,,,,,,,
780,dress sb (in ...),给某人穿(……)衣服,,,,,,,,,
781,I spent much time dressing my son in the school uniform.,我花了好久给儿子穿校服。,,,,,,,,,
782,dress oneself (in ...),[表动作]穿上(……),,,,,,,,,
783,"After getting up, I began to dress myself (in clothes).",起床后，我开始穿衣。,,,,,,,,,
784,be dressed (in ...),[表状态]穿着(……),,,,,,,,,
785,Our class teacher is dressed in a grey coat today.,我们的班主任今天穿着一件灰色的大衣。,,,,,,,,,
786,be dressed for the cold day,穿保暖的衣服,,,,,,,,,
787,dress for the evening party,为参加晚宴而打扮,,,,,,,,,
788,dress up,"穿着盛装,盛装打扮",,,,,,,,,
789,dress well/ badly,穿着得体/糟糕,,,,,,,,,
790,drill,"n.钻,钻机; vt./vi.钻(孔); n./v.操练,反复练习",,,,,,,,,
791,drill a hole,"钻孔,打孔",,,,,,,,,
792,drill for oil,钻探石油,,,,,,,,,
793,drill students in grammar,反复操练学生语法,,,,,,,,,
794,drill sb to do,让某人反复练习做某事,,,,,,,,,
795,a well-drilled team,一支训练有素的队伍,,,,,,,,,
796,drink,"v.喝,饮;喝酒; n.饮料",,,,,,,,,
797,drink up the milk,把牛奶喝光,,,,,,,,,
798,drink to ...,为……举杯祝贺,,,,,,,,,
799,drunk,adj.喝醉的; n.喝醉酒的人,,,,,,,,,
800,a drunk driver,醉酒的司机,,,,,,,,,
801,get drunk,喝醉了,,,,,,,,,
802,energy drinks,功能饮料,,,,,,,,,
803,soft drinks,软饮料,,,,,,,,,
804,sugary drinks,含糖饮料,,,,,,,,,
805,drive,"v./n.开车,驾驶; n.私人车道; vt.驱赶; vt.逼迫,迫使; v.驱动; n.(机械装置/内心)驱动力; n.[计]驱动器; v.推进;猛冲; n.运动",,,,,,,,,
806,drive sb home,开车把某人送回家,,,,,,,,,
807,drive sb to+地点,开车把某人送到……,,,,,,,,,
808,a driving test,驾驶考试,,,,,,,,,
809,a driving license,驾照,,,,,,,,,
810,drunk driving,醉酒驾车,,,,,,,,,
811,driveway,私人车道,,,,,,,,,
812,"drive away, drive off","驱赶,赶走,驱逐",,,,,,,,,
813,drive sb mad,把某人逼疯,,,,,,,,,
814,drive sb to do,迫使某人做某事,,,,,,,,,
815,a petrol-driven car,汽油驱动的车,,,,,,,,,
816,be driven by profits,受利益驱使,,,,,,,,,
817,the driving force,(影响事物发展的)驱动力,,,,,,,,,
818,driver,n.①司机;②驱动因素,,,,,,,,,
819,a nationwide drive to crack down on crimes,打击犯罪的全国性运动,,,,,,,,,
820,drop,"v.(使)掉落,(使)落下; v.退出,停止; v.顺道; v.(使)滴下; n.滴; v./n.下降",,,,,,,,,
821,drop bombs(over the city),(在这座城市)投炸弹,,,,,,,,,
822,drop out,"退出,脱离;退学",,,,,,,,,
823,drop out of school,退学,,,,,,,,,
824,drop the course,退课,,,,,,,,,
825,drop sb from the name list,把某人踢出名单,,,,,,,,,
826,drop in at sp,顺道拜访某地,,,,,,,,,
827,drop in on sb,顺道拜访某人,,,,,,,,,
828,drop sb off,把某人放下车,,,,,,,,,
829,a drop of sweat,一滴汗珠,,,,,,,,,
830,drown,"v.(使)淹死,(使)淹没",,,,,,,,,
831,a drowning child,落水儿童(水中挣扎),,,,,,,,,
832,a drowned child,溺亡儿童(已死),,,,,,,,,
833,drown out ...,将……淹没,,,,,,,,,
834,drug,n.(~s)毒品; n.药物; vt.使(某人)服麻醉药;在(某处)投放麻醉药,,,,,,,,,
835,take drugs,吸毒,,,,,,,,,
836,dry,adj.干的; v.(使)变干,,,,,,,,,
837,dry up,"(使)干涸,(使)变干",,,,,,,,,
838,drought,n.干旱,,,,,,,,,
839,duck,n.鸭子,,,,,,,,,
840,due,"adj.应付的,到期的; adj.[置于名词前]适当的, 合适的; adj.应得的,应有的; n.应得的东西",,,,,,,,,
841,due to,因为,,,,,,,,,
842,be due to do,预期/预计做某事,,,,,,,,,
843,after due consideration,经过适当考虑后,,,,,,,,,
844,duly,"adv.①按时地,准时地;②适当地,恰当地",,,,,,,,,
845,be given due recognition,被给予应得的认可,,,,,,,,,
846,dumpling,"n.饺子,汤团",,,,,,,,,
847,a soup dumpling,汤包,,,,,,,,,
848,a red bean rice dumpling,赤豆粽子,,,,,,,,,
849,a rice dumpling(which is) made of red beans,赤豆粽子,,,,,,,,,
850,during,"prep.在…的时候,在…的期间",,,,,,,,,
851,duration,"n.持续时间,期间",,,,,,,,,
852,for the duration of ...,在……期间,,,,,,,,,
853,dust,"n.灰尘,尘土; v.擦灰,除去灰尘",,,,,,,,,
854,dusty,"adj.多尘的,落满灰尘的",,,,,,,,,
855,duty,"n.责任,职责,义务",,,,,,,,,
856,on duty,"值班,当班",,,,,,,,,
857,off duty,"不值班,不当班",,,,,,,,,
858,do one' s duty,尽职,,,,,,,,,
859,neglect one' s duty,玩忽职守,,,,,,,,,
860,dying,"adj.垂死的,临终的; adj.渴望的",,,,,,,,,
861,undying,adj.永恒的,,,,,,,,,
862,have an undying passion for ...,对……有着永恒的热情,,,,,,,,,
863,"be dying to do, be dying for sth",渴望……,,,,,,,,,
864,dynamic,"adj.精力充沛的; adj.不断变化的,动态的; adj.[物理]力学的;动力学的; n.动力,驱动力",,,,,,,,,
865,dynamics,n.(内部的)互动; n.(发展的)动态; n.力学;动力学,,,,,,,,,
866,group dynamics,小组成员的互动,,,,,,,,,
867,the dynamics of the reform,改革的动态,,,,,,,,,
868,dynasty,"n.王朝,朝代",,,,,,,,,
869,the Qing Dynasty,清朝(朝代前要加the),,,,,,,,,
870,each,"adj./ pron./ adv.每,每个,各,各自",,,,,,,,,
871,we each,我们每个人(复数),,,,,,,,,
872,each of us,我们每个人(单数),,,,,,,,,
873,eager,"adj.渴望的,热切的",,,,,,,,,
874,be eager for sth/ to do,渴望……,,,,,,,,,
875,eagle,n.鹰,,,,,,,,,
876,ear,n.耳朵,,,,,,,,,
877,early,adj./adv.早;早期,,,,,,,,,
878,an early riser,习惯早起的人,,,,,,,,,
879,earn,"vt.赚,挣; vt.赢得,博得",,,,,,,,,
880,earn money,挣钱,,,,,,,,,
881,earn sb sth,为某人博得/赢得……,,,,,,,,,
882,earth,"n.泥土,土壤; vt.用土掩盖; n.地球;地",,,,,,,,,
883,down-to-earth,"adj.务实的,脚踏实地的",,,,,,,,,
884,on the earth,在地球上,,,,,,,,,
885,on earth,究竟,,,,,,,,,
886,earthquake,n.地震,,,,,,,,,
887,the earthquake-stricken area,地震灾区,,,,,,,,,
888,ease,"vt.减轻,缓解; n.安逸,舒适; n.容易",,,,,,,,,
889,ease the anxiety,减轻/缓解焦虑,,,,,,,,,
890,ease the traffic jam(s),减轻/缓解交通堵塞,,,,,,,,,
891,feel at ease,感到安逸/舒适,,,,,,,,,
892,with ease,"容易地,不费力地",,,,,,,,,
893,easily,容易地,,,,,,,,,
894,east,n./ adj./adv.东方,,,,,,,,,
895,eastern,"adj.东方的,东部的",,,,,,,,,
896,easy,"adj.容易的,不费力的; adj.安逸的,舒适的,安心的",,,,,,,,,
897,take it easy,"放心好了,别着急",,,,,,,,,
898,feel/ be easy about ...,对……感到安心,,,,,,,,,
899,eat,v.吃,,,,,,,,,
900,eat out,出去吃,,,,,,,,,
901,eat up,"吃光,耗尽",,,,,,,,,
902,ecology,n.生态;生态学,,,,,,,,,
903,ecological,adj.生态的,,,,,,,,,
904,ecologist,n.生态学家,,,,,,,,,
905,economic,"adj.经济的,经济学的",,,,,,,,,
906,economical,"adj.经济型的,节约的",,,,,,,,,
907,the economical use of space,对空间的节约利用,,,,,,,,,
908,economy,n.经济;节约,,,,,,,,,
909,world economy,世界经济,,,,,,,,,
910,economy class,经济舱,,,,,,,,,
911,economics,n.经济学,,,,,,,,,
912,economist,n.经济学家,,,,,,,,,
913,edge,"n.刀刃; n.边缘; n.优势; v.(~out...) 小胜,险胜...",,,,,,,,,
914,animals on the edge of extinction,濒危动物,,,,,,,,,
915,have an edge over ...,比……占有优势,,,,,,,,,
916,~ out...,"小胜,险胜",,,,,,,,,
917,editor,n.编辑,,,,,,,,,
918,edit,vt.编辑;编校;剪辑,,,,,,,,,
919,edition,"n.(出版物的)版,版本,版次",,,,,,,,,
920,educate,vt.教育,,,,,,,,,
921,educate sb to do,教育某人做某事,,,,,,,,,
922,educator,n.教育工作者,,,,,,,,,
923,educated,adj.有教养的;受过教育的,,,,,,,,,
924,education,n.教育,,,,,,,,,
925,primary/ elementary education,"初等教育,小学教育",,,,,,,,,
926,secondary education,"中等教育,中学教育",,,,,,,,,
927,basic education,基础教育(中小学教育),,,,,,,,,
928,higher education,高等教育,,,,,,,,,
929,receive education,接受教育,,,,,,,,,
930,educational,adj.①教育的;②有教育意义的,,,,,,,,,
931,the educational cause,教育事业,,,,,,,,,
932,effect,"n.影响; n.效果,作用; n.[物理/化学/心理学等]效应; n.生效,实施; in effect 事实上",,,,,,,,,
933,the effect of A on B,A对B的影响,,,,,,,,,
934,have a short-term/ long-term effect on ...,对……有短期/长期影响,,,,,,,,,
935,have an immediate effect,立竿见影,,,,,,,,,
936,the side effect,副作用,,,,,,,,,
937,be of no effect,"无效,没效果",,,,,,,,,
938,take effect,"奏效,起作用,产生效果",,,,,,,,,
939,in effect,事实上,,,,,,,,,
940,effective,"adj.有效的,起作用的(反: in~)",,,,,,,,,
941,efficient,"adj.效率高的,高效的(反: in~)",,,,,,,,,
942,an energy-efficient device,节能装置,,,,,,,,,
943,efficiency,n.效率,,,,,,,,,
944,effort,n.努力,,,,,,,,,
945,make efforts/ an effort to do,努力做某事,,,,,,,,,
946,make every effort to do,尽一切努力去做某事,,,,,,,,,
947,spare no effort to do,不遗余力做某事,,,,,,,,,
948,effortless,adj.毫不费力的,,,,,,,,,
949,egg/ eg,n.蛋;卵,,,,,,,,,
950,lay eggs,下蛋,,,,,,,,,
951,either,adj./ pron.两者中任一; adv.也(用于否定句句末),,,,,,,,,
952,either ... or ...,要么……要么……,,,,,,,,,
953,either way,"不管怎样,无论以哪种方式",,,,,,,,,
954,elder,adj.年龄较大的,,,,,,,,,
955,my elder brother/ sister,我的哥哥/姐姐,,,,,,,,,
956,elderly,"adj.年长的,年老的,上了年纪的",,,,,,,,,
957,the elderly,老年人,,,,,,,,,
958,elect,vt.选举; v.选择,,,,,,,,,
959,elect sb (as) monitor,选某人当班长,,,,,,,,,
960,election,n.选举,,,,,,,,,
961,elect to do,选择做某事,,,,,,,,,
962,electric,"adj.电的,用电的,电动的",,,,,,,,,
963,an electric light,电灯,,,,,,,,,
964,an electric vehicle,电动车,,,,,,,,,
965,electrical,"adj.电的,与电有关的",,,,,,,,,
966,an electrical engineer,电气工程师,,,,,,,,,
967,electrical appliances,电器,,,,,,,,,
968,electricity,n.电,,,,,,,,,
969,electrician,"n.电工,电气技师",,,,,,,,,
970,electronic,adj.电子的,,,,,,,,,
971,an electronic dictionary,电子词典,,,,,,,,,
972,elegant,"adj.优雅的,典雅的",,,,,,,,,
973,element,"n.要素,成分,因素; n.[化学]元素",,,,,,,,,
974,elephant,"n.象,大象",,,,,,,,,
975,embarrass,"vt.使尴尬,使局促不安",,,,,,,,,
976,embarrassed,adj.感到尴尬的,,,,,,,,,
977,be embarrassed about ...,对……感到尴尬,,,,,,,,,
978,be embarrassed to do,对做某事感到尴尬,,,,,,,,,
979,embarrassing,adj.令人尴尬的,,,,,,,,,
980,embarrassment,n.尴尬,,,,,,,,,
981,emerge,"vi.浮现,出现,显露; vi.(从困境中)摆脱出来",,,,,,,,,
982,emerge from one's divorce,走出离婚的阴影,,,,,,,,,
983,emergency,n.紧急情况,,,,,,,,,
984,in an emergency,在紧急情况下,,,,,,,,,
985,an emergency hospital/ ward,急诊医院/病房,,,,,,,,,
986,an emergency meeting,紧急会议,,,,,,,,,
987,an emergency exit,应急出口,,,,,,,,,
988,emotion,"n.情感,情绪",,,,,,,,,
989,emotional,"adj.①情感的,情绪的;②情绪化的",,,,,,,,,
990,emperor,"n.皇帝,君主",,,,,,,,,
991,emphasis,"n.强调,着重",,,,,,,,,
992,put/ place/ lay emphasis on ...,强调……,,,,,,,,,
993,emphasize,"vt.强调,着重",,,,,,,,,
994,"emphasize sth, emphasize that ...",强调……,,,,,,,,,
995,employ,vt.使用; vt.雇佣,,,,,,,,,
996,employ a new method,使用新的方法,,,,,,,,,
997,employ sb to do,雇佣某人做某事,,,,,,,,,
998,employ sb as ...,雇佣某人担任……,,,,,,,,,
999,employee,n.雇员,,,,,,,,,
1000,employer,"n.雇主,老板",,,,,,,,,
1001,employment,"n.使用; n.雇用,就业",,,,,,,,,
1002,unemployed,adj.失业的,,,,,,,,,
1003,in employment,[表状态]有工作,,,,,,,,,
1004,out of employment,"[表状态]失业,没工作",,,,,,,,,
1005,empty,"adj.空的; v.(使)变空; vi.(河流)流入,注入",,,,,,,,,
1006,be empty of ...,没有……,,,,,,,,,
1007,empty the fridge,清空冰箱,,,,,,,,,
1008,enable,vt.使能够,,,,,,,,,
1009,enable sb to do,使某人能够做某事,,,,,,,,,
1010,enclose,"vt.把...附入,封入; vt.围住,包住",,,,,,,,,
1011,enclose sth with the letter,随信附上某物,,,,,,,,,
1012,the enclosed,(信件内所封入的)附件,,,,,,,,,
1013,enclose the garden with the fences,用栅栏把花园围起来,,,,,,,,,
1014,enclosure,n.①附件;②围住;③围地,,,,,,,,,
1015,encounter,"vt./n.偶遇,邂逅(某人); vt./n.遭到,遭遇(某事)",,,,,,,,,
1016,encounter a tricky problem,遇到棘手问题,,,,,,,,,
1017,encourage,vt.鼓励,,,,,,,,,
1018,encourage doing,鼓励做某事,,,,,,,,,
1019,encourage sb to do sth,鼓励某人做某事,,,,,,,,,
1020,encouraged,adj.受到鼓励的,,,,,,,,,
1021,encouraging,adj.鼓舞人心的,,,,,,,,,
1022,encouragement,n.鼓励,,,,,,,,,
1023,end,"v./n.结束,终止; n.末端,尽头; n.目标",,,,,,,,,
1024,at the end of ...,在……的最后,,,,,,,,,
1025,in the end,"最终,终于",,,,,,,,,
1026,end my lecture with a poem,用首诗来结束我的讲座,,,,,,,,,
1027,bring my lecture to an end with a poem,用首诗来结束我的讲座,,,,,,,,,
1028,bring/ put an end to my lecture with a poem,用首诗来结束我的讲座,,,,,,,,,
1029,end in ...,"①以……结尾, 末尾是……; ②与抽象名词搭配(如: 失败, 成功, 死亡等)",,,,,,,,,
1030,end in failure,以失败告终,,,,,,,,,
1031,end in victory,以胜利告终,,,,,,,,,
1032,end in death,以死亡告终,,,,,,,,,
1033,end up in+地点,以住院告终,,,,,,,,,
1034,end up in hospital,以住院告终,,,,,,,,,
1035,end up in prison,以坐牢告终,,,,,,,,,
1036,end up with+ sth,以……告终,,,,,,,,,
1037,end up with a decent job,最终找到个体面工作,,,,,,,,,
1038,end up+ doing sth,以做某事告终,,,,,,,,,
1039,end up being cheated,最终被骗了,,,,,,,,,
1040,on end,连续不断地,,,,,,,,,
1041,the end result,最终结果,,,,,,,,,
1042,make(both) ends meet,使收支平衡,,,,,,,,,
1043,without end,无穷尽地,,,,,,,,,
1044,endlessly,无穷尽地,,,,,,,,,
1045,high-end,adj.高端的,,,,,,,,,
1046,endurance,"n.忍力,忍耐力,持久力",,,,,,,,,
1047,endure,"v.忍耐,忍受,容忍;持久,持续",,,,,,,,,
1048,endure to do/ doing,忍受做某事,,,,,,,,,
1049,enemy,n.敌人,,,,,,,,,
1050,energy,"n.[U]能源,能量; n.①[C]精力;②[U]活力,干劲",,,,,,,,,
1051,clean energy,清洁能源,,,,,,,,,
1052,nuclear energy,核能,,,,,,,,,
1053,solar energy,太阳能,,,,,,,,,
1054,wind energy,风能,,,,,,,,,
1055,consume energy,消耗能源,,,,,,,,,
1056,"save energy, conserve energy",节约能源,,,,,,,,,
1057,be full of energy,精力充沛,,,,,,,,,
1058,energetic,adj.精力充沛的,,,,,,,,,
1059,engage,"vt.使忙于; vt./ vi.参与,从事; v.订婚; vt.聘用; vt.吸引(注意力,兴趣); 建立密切关系",,,,,,,,,
1060,be engaged in the work,忙于工作,,,,,,,,,
1061,be engaged in/ engage in the activity,参与活动,,,,,,,,,
1062,be engaged to sb,与某人订婚,,,,,,,,,
1063,engage sb as general manager,聘用某人为总经理,,,,,,,,,
1064,engage sb to do,聘用某人做某事,,,,,,,,,
1065,engage one's attention,吸引某人的注意力,,,,,,,,,
1066,engage one's interest,吸引某人的兴趣,,,,,,,,,
1067,engage with,与……建立密切关系,,,,,,,,,
1068,engagement,n.①参与;②订婚;③雇佣;④密切关系,,,,,,,,,
1069,engine,"n.引擎,发动机",,,,,,,,,
1070,a fire engine,消防车,,,,,,,,,
1071,engineer,n.工程师; vt.(工程)设计,,,,,,,,,
1072,engineer a bridge,设计一座桥,,,,,,,,,
1073,engineering,"n.工程,工程学",,,,,,,,,
1074,English,n.英语; adj.英国人的;英国的;英语的,,,,,,,,,
1075,British English,英式英语,,,,,,,,,
1076,American English,美式英语,,,,,,,,,
1077,enhance,"vt.提高,加强",,,,,,,,,
1078,enjoy,"vt.欣赏,享受",,,,,,,,,
1079,enjoy doing,享受做某事,,,,,,,,,
1080,enjoy oneself,玩得愉快,,,,,,,,,
1081,enjoyment,n.享受,,,,,,,,,
1082,enjoyable,"adj.令人愉快的,令人享受的",,,,,,,,,
1083,enormous,adj.巨大的,,,,,,,,,
1084,enough,adv.足够的,,,,,,,,,
1085,ensure,"vt.保证,确保",,,,,,,,,
1086,"ensure sth, ensure that ...",确保……,,,,,,,,,
1087,ensure sb sth,确保某人某物,,,,,,,,,
1088,enter,vt.进入; vi.参加,,,,,,,,,
1089,enter for ...,报名参加……,,,,,,,,,
1090,enter upon one's new vocation,开始做某人的新工作,,,,,,,,,
1091,enterprise,"n.公司,企业",,,,,,,,,
1092,entertainment,"n.招待,款待; n.娱乐",,,,,,,,,
1093,entertaining,adj.令人愉快的,,,,,,,,,
1094,entertain,"vt.①招待,款待(某人);②给……娱乐",,,,,,,,,
1095,entertain sb with sth,用……使某人获得快乐,,,,,,,,,
1096,enthusiastic,adj.充满热情的,,,,,,,,,
1097,enthusiasm,n.[U]热情,,,,,,,,,
1098,be enthusiastic about...,对……充满热情,,,,,,,,,
1099,have enthusiasm for ...,对……充满热情,,,,,,,,,
1100,entire,"adj.全部的,整个的,完全的",,,,,,,,,
1101,entirely,"adv.完全地,彻底地; vt.给…提名; vt.使…有权力使…",,,,,,,,,
1102,entitle,使某人有权做某事,,,,,,,,,
1103,entitle sb to do,使某人有权做某事,,,,,,,,,
1104,entitle sb to sth,使某人有权获得某物,,,,,,,,,
1105,entitled,被命名为……,,,,,,,,,
1106,entrance,"n.进入(入学,入场等); n.入口",,,,,,,,,
1107,entrance fee,入场费,,,,,,,,,
1108,the entrance to the museum,"(1)n进入(的动作); 进入许可; (2)n.入口通道,门厅; (3)n.输入,录入; (4)n.(字典的)词条;(5)n.参赛作品",,,,,,,,,
1109,entry,词条;(5)n.参赛作品,,,,,,,,,
1110,No entry!,禁止入内!,,,,,,,,,
1111,gain entry into ...,获得进入……的权力,,,,,,,,,
1112,data entry,数据录入,,,,,,,,,
1113,envelope,n.信封;封套,,,,,,,,,
1114,envelop,"vt.笼罩,包住,裹住",,,,,,,,,
1115,Fragrant smell has enveloped the whole table.,香气已经笼罩了整个餐桌。,,,,,,,,,
1116,environment,n.环境,,,,,,,,,
1117,environmental,adj.环境的,,,,,,,,,
1118,an environmental group,环保团体,,,,,,,,,
1119,environmentally friendly,环保的,,,,,,,,,
1120,envy,"vt./n.嫉妒,羡慕",,,,,,,,,
1121,out of envy,出于嫉妒,,,,,,,,,
1122,with envy,"嫉妒地,羡慕地",,,,,,,,,
1123,envy sb sth,嫉妒/羡慕某人某物,,,,,,,,,
1124,be the envy of ...,成为……嫉妒/羡慕的对象(目标),,,,,,,,,
1125,China's safety is the envy of many countries.,中国的安全是很多国家羡慕的对象。,,,,,,,,,
1126,envious,"adj.羡慕的,嫉妒的",,,,,,,,,
1127,be envious of...,"嫉妒,羡慕",,,,,,,,,
1128,episode,n.(节目的)一集; n.一段(人生)经历,,,,,,,,,
1129,equal,"adj.等同的; vt.等同于; adj.平等的; 相等的(反: un~); adj.(be ~to)vt.比得上,匹敌; n.同等的人; 可比拟的东西",,,,,,,,,
1130,be equal to,等同于,,,,,,,,,
1131,One hundred millimeters is equal to/ equals one centimeter.,100毫米等于1厘米。,,,,,,,,,
1132,equal rights,平等的权利,,,,,,,,,
1133,equality,n.平等(反: in~),,,,,,,,,
1134,equality between men and women,男女平等,,,,,,,,,
1135,gender inequality,性别不平等,,,,,,,,,
1136,be equal to,"比得上,匹敌",,,,,,,,,
